<?xml version="1.0" encoding="UTF-8"?>
<project-private xmlns="http://www.netbeans.org/ns/project-private/1">
    <editor-bookmarks xmlns="http://www.netbeans.org/ns/editor-bookmarks/2" lastBookmarkId="0"/>
    <open-files xmlns="http://www.netbeans.org/ns/projectui-open-files/2">
        <group>
            <file>file:/C:/Users/Nero/Desktop/Hotel-System/Hotel_252/src/hotel_252/Room.java</file>
            <file>file:/C:/Users/Nero/Desktop/Hotel-System/Hotel_252/src/hotel_252/Book.java</file>
            <file>file:/C:/Users/Nero/Desktop/Hotel-System/Hotel_252/src/hotel_252/BookFrame.java</file>
            <file>file:/C:/Users/Nero/Desktop/Hotel-System/Hotel_252/src/hotel_252/Valet.java</file>
            <file>file:/C:/Users/Nero/Desktop/Hotel-System/Hotel_252/src/hotel_252/ExtraServicesDecorator.java</file>
            <file>file:/C:/Users/Nero/Desktop/Hotel-System/Hotel_252/src/hotel_252/DataBaseConnection.java</file>
        </group>
    </open-files>
</project-private>
