<?xml version="1.0" encoding="UTF-8"?>
<project-private xmlns="http://www.netbeans.org/ns/project-private/1">
    <editor-bookmarks xmlns="http://www.netbeans.org/ns/editor-bookmarks/2" lastBookmarkId="0"/>
    <open-files xmlns="http://www.netbeans.org/ns/projectui-open-files/2">
        <group>
            <file>file:/C:/Users/Nero/Desktop/Hotel-System/Hotel_252/src/hotel_252/GET_INFO.java</file>
            <file>file:/C:/Users/Nero/Desktop/Hotel-System/Hotel_252/src/hotel_252/NewCustomer.java</file>
            <file>file:/C:/Users/Nero/Desktop/Hotel-System/Hotel_252/src/hotel_252/Cancle.java</file>
            <file>file:/C:/Users/Nero/Desktop/Hotel-System/Hotel_252/src/hotel_252/Book.java</file>
            <file>file:/C:/Users/Nero/Desktop/Hotel-System/Hotel_252/src/hotel_252/OldCustomer.java</file>
            <file>file:/C:/Users/Nero/Desktop/Hotel-System/Hotel_252/src/hotel_252/CustomerM.java</file>
            <file>file:/C:/Users/Nero/Desktop/Hotel-System/Hotel_252/src/hotel_252/Login.java</file>
            <file>file:/C:/Users/Nero/Desktop/Hotel-System/Hotel_252/src/hotel_252/main.java</file>
            <file>file:/C:/Users/Nero/Desktop/Hotel-System/Hotel_252/src/hotel_252/Payment.java</file>
            <file>file:/C:/Users/Nero/Desktop/Hotel-System/Hotel_252/src/hotel_252/LockRoom.java</file>
            <file>file:/C:/Users/Nero/Desktop/Hotel-System/Hotel_252/src/hotel_252/DataBaseConnection.java</file>
        </group>
    </open-files>
</project-private>
